Group.1,SYSTOLIC_CHANGE,DIASTOLIC_CHANGE,MAP_CHANGE,AGE,BMI,change_BMI,EGFR,change_EGFR,SYSTOLIC_BEFORE,SYSTOLIC_AFTER,DIASTOLIC_BEFORE,DIASTOLIC_AFTER,MAP_BEFORE,MAP_AFTER
1,-1,-1,-1.33333333333,68.5479452055,30.3072383046,-0.109121736456,79.5312375,-2.8335652381,130,129,74,73,93.3333333333,92
2,-1.5,-2,-2,64.22465753425,30.6591986253,-0.2017432456915,83.4297940441,-3.112062984845,133,131,77.5,75,95.3333333333,93.6666666667
3,-2,-3,-1.83333333333,73.82191780825,30.0205734706,-0.202475685071,67.53869147235,-4.565651987875,136.75,134.5,71.75,70,93.3333333333,91.16666666665
4,-2,-1.5,-1.66666666667,71.6,31.1067509919,-0.208602965241,70.0286290468,-3.68511267974,130,129.5,70,69,90.75,90.1666666667
