Group.1,SYSTOLIC_CHANGE,DIASTOLIC_CHANGE,MAP_CHANGE,AGE,BMI,change_BMI,EGFR,change_EGFR,SYSTOLIC_BEFORE,SYSTOLIC_AFTER,DIASTOLIC_BEFORE,DIASTOLIC_AFTER,MAP_BEFORE,MAP_AFTER
1,-0.890394814378315,-1.28491455509723,-1.18788057356129,67.8332561086844,50.40083371602,-15.2209744297218,80.1631462955437,-4.06969945031848,130.710665880966,129.820271066588,74.3078962875663,73.0229817324691,93.1673541543862,91.9794735808258
2,-1.59183673469388,-1.96428571428571,-1.8605442176874,63.1994408722413,45.7393104595485,6.58971292501298,84.1293533157594,-3.64522682982197,133.864795918367,132.272959183673,76.6058673469388,74.6415816326531,95.7325680272189,93.8720238095176
3,-1.04166666666667,-1.5906862745098,-1.47712418300755,71.9276390008049,54.4345034395897,-4.17209073745733,68.4109366691868,-4.69697067733505,135.473039215686,134.43137254902,71.9705882352941,70.3799019607843,93.2826797385564,91.8055555555662
4,-0.375,-1.16008771929825,-1.05555555555539,69.9200072098044,66.8239049574368,34.5102609128922,70.7943604878759,-4.07654611101334,130.642543859649,130.267543859649,71.405701754386,70.2456140350877,91.3706140350811,90.3150584795377
