Group.1,SYSTOLIC_CHANGE,DIASTOLIC_CHANGE,MAP_CHANGE,AGE,BMI,change_BMI,EGFR,change_EGFR,SYSTOLIC_BEFORE,SYSTOLIC_AFTER,DIASTOLIC_BEFORE,DIASTOLIC_AFTER,MAP_BEFORE,MAP_AFTER
1,0,1.25,0.0833333333335,68.42191780825,28.7833977295,-0.08462235643395,72.0803641365,-7.656597,131.5,129.5,70.5,73,91.91666666665,92.41666666665
2,-1.5,-2,-2.16666666667,65.22602739725,31.02265101855,-0.2026281285305,81.0353375655,-3.112062984845,132,130,75,73,94,91.6666666667
3,-1,-2,-1.66666666667,71.45068493155,30.13979816005,-0.28057067699,69.65328582835,-3.822092852425,137.75,136,73.75,72.25,94.75,94.3333333333
5,-2.5,-2,-1.916666666665,71.00136986305,31.4789272902,-0.0917476711668,73.7589908776,-5.01995849699,128,127,71.25,68,91,88.5
6,0,-0.25,-0.0833333333335071,66.95479452055,30.4204764199,-0.0635841431925,80.5664788737,-1.951640514165,130,130,76,74.5,94,93
7,-1,-1,-1.33333333333,68.8383561644,30.1571438081,-0.105771134751,79.4585596,-3.05230877193,130,129,74,72.5,93.3333333333,91.5
