SYSTOLIC_CHANGE,DIASTOLIC_CHANGE,MAP_CHANGE,AGE,BMI,change_BMI,EGFR,change_EGFR,SYSTOLIC_BEFORE,SYSTOLIC_AFTER,DIASTOLIC_BEFORE,DIASTOLIC_AFTER,MAP_BEFORE,MAP_AFTER
-8,-6,-5.83333333333,59.8246575342,26.6298993846,-1.15941936898,65.0915930435,-9.68331166667,124,123,69,67.5,88,86.6666666667
5.5,3,3.33333333333,76.5890410959,34.8272261309,0.785437174089,92.9055245161,3.443239,138,137,80,79,98,96.6666666667
-8.625,-6,-6.33333333333,54.1438356164,26.59358854805,-1.155927233705,70.74210683295,-9.6604796722025,125.875,126,70,68,90.3333333333,88.958333333325
5,2,2.5416666666675,71.24383561645,35.775405743975,0.810759363626,97.73604239585,3.6855201666675,141,138,82,81,100.333333333,98.6666666667
-8.5,-6,-6.33333333333,64.40273972605,26.4302383664,-1.4360019063725,50.649598644475,-11.894429808925,128,125.75,65.75,64,87.3333333333,86
5.25,3,3.33333333333,79.910273972575,35.87556629485,0.98680314803425,81.93420154975,1.4101560029225,143.25,144,80,77,99.20833333335,97.41666666665
-6.625,-6,-5.708333333335,62.076712328775,27.319514769475,-1.33084073979,57.116813340275,-10.362473897425,122,121,65,64,85.6666666667,83.958333333325
6,2.125,3.66666666667,78.2410958904,36.286206230375,0.9692004315485,85.704286934775,2.43442566194,138,138,77.125,76.25,96.6666666667,95.41666666665
