Group.1,SYSTOLIC_CHANGE,DIASTOLIC_CHANGE,MAP_CHANGE,AGE,BMI,change_BMI,EGFR,change_EGFR,SYSTOLIC_BEFORE,SYSTOLIC_AFTER,DIASTOLIC_BEFORE,DIASTOLIC_AFTER,MAP_BEFORE,MAP_AFTER
1,-0.638888888888889,0.916666666666667,0.351851851855944,68.3989345509833,30.5500045858444,-0.64798714254005,76.5293603485278,-4.97193802779678,130.5,129.861111111111,71.5277777777778,72.4444444444444,91.5833333333167,91.9351851852
2,-1.25107296137339,-1.88090128755365,-1.82081545064413,64.3695455347187,61.9389021124427,4.63171816590108,81.6362687220453,-3.49343084803999,131.778969957082,130.527896995708,74.6845493562232,72.8036480686695,93.859799713879,92.0389842632318
3,-1.20261437908497,-1.4656862745098,-1.41938997821352,70.6297161787069,41.12594676355,-1.89474995875636,70.5683327734075,-4.13090679219342,137.727124183007,136.524509803922,74.3545751633987,72.8888888888889,95.540849673201,94.1214596949908
5,-0.922222222222222,-1.49166666666667,-1.44629629629726,69.0467884322683,49.7423711488033,-0.185784644428645,74.6206522046217,-4.96189059390992,128.655555555556,127.733333333333,71.7805555555556,70.2888888888889,90.9907407407389,89.5444444444444
6,0.709090909090909,-0.337878787878788,-0.0303030303030758,66.4301369863024,35.4320173724027,-0.960075484484122,83.2255657113452,-5.80951099552514,130.410606060606,131.119696969697,74.8727272727273,74.5348484848485,93.428282828273,93.3979797979779
7,-1.26003276003276,-1.51597051597052,-1.42533442533458,68.2324055063773,55.0011079704615,-14.2884933877334,79.608859470991,-3.62905269651336,130.727272727273,129.46723996724,74.2186732186732,72.7027027027027,93.0892710892689,91.6639366639336
